color_name,hex_code,hue_angle,L,C,H
fresh green,#69D84F,108.6,77.7,79.9,135.3
nasty green,#70B23F,94.4,66.2,64.9,128.8
warm purple,#952E8F,303.5,38.4,62.9,329.6
yellowish tan,#FCFC81,60.0,96.8,60.5,105.5
dark grass green,#388004,94.8,47.3,65.7,129.8
pinkish tan,#D99B82,17.2,69.3,30.0,48.0
strong blue,#0C06F7,241.5,31.6,129.4,306.2
toxic green,#61DE2A,101.7,79.0,94.8,132.2
windows blue,#3778BF,211.3,49.5,43.3,274.2
blue blue,#2242C7,228.4,34.7,81.4,298.2
blue with a hint of purple,#533CC6,250.0,36.3,83.2,304.5
bright sea green,#05FFA6,158.6,89.1,75.6,157.6
dark green blue,#1F6357,169.4,37.7,24.3,178.6
deep turquoise,#017374,180.5,43.5,27.6,197.7
green teal,#0CB577,158.0,65.3,57.1,158.4
strong pink,#FF0789,328.5,55.3,84.8,359.5
lavender pink,#DD85D7,304.1,67.3,53.6,328.6
light moss green,#A6C875,84.6,76.5,45.5,123.8
olive yellow,#C2B709,56.4,73.1,74.7,99.2
pig pink,#E78EA5,344.5,68.8,36.7,3.6
desert,#CCAD60,42.8,71.9,43.4,87.8
purply,#983FB2,286.4,43.4,70.5,320.5
candy pink,#FF63E9,308.5,66.6,83.5,332.4
kiwi green,#8EE53F,91.4,83.0,85.7,127.1
light grey green,#B7E1A1,99.4,85.2,36.9,133.0
orange pink,#FF6F52,10.1,64.4,68.3,39.1
very light brown,#D3B683,38.3,75.4,30.0,83.7
eggplant purple,#430541,301.9,13.7,41.2,329.2
liliac,#C48EFD,269.2,68.1,63.2,310.9
custard,#FFFD78,59.1,97.2,64.9,104.5
darkish pink,#DA467D,337.7,52.7,61.7,1.7
deep brown,#410200,1.8,10.3,33.3,29.1
greenish beige,#C9D179,65.5,81.5,45.4,110.3
manilla,#FFFA86,57.5,96.6,57.4,103.7
browny green,#6F6C0A,58.2,44.4,49.2,101.4
kelley green,#009337,142.4,53.1,65.8,144.1
sickly yellow,#D0E429,66.4,86.5,84.0,109.1
sunny yellow,#FFF917,58.4,95.6,93.3,101.4
azul,#1D5DEC,221.4,44.4,84.5,294.2
darkgreen,#054907,121.8,26.2,45.6,137.3
green/yellow,#B5CE08,67.6,78.5,82.6,110.4
pale gold,#FDDE6C,47.2,89.0,58.9,92.5
sun yellow,#FFDF22,51.3,89.0,84.7,93.8
burple,#6832E3,258.3,39.2,102.2,308.1
butterscotch,#FDB147,34.9,77.7,65.5,73.6
indian red,#850E04,4.7,27.6,60.8,39.5
poison green,#40FD14,108.7,87.7,114.7,134.6
bright yellow green,#9DFF00,83.1,91.1,105.3,124.0
squash,#F2AB15,40.7,74.9,77.1,78.4
cinnamon,#AC4F06,26.4,44.8,63.2,56.7
radioactive green,#2CFA1F,116.4,86.5,113.7,136.1
raw sienna,#9A6200,38.2,46.5,56.6,73.3
baby purple,#CA9BF7,270.7,71.4,52.5,311.3
orangeish,#FD8D49,22.7,69.8,65.3,55.2
rust brown,#8B3103,20.3,33.3,57.1,50.2
sand brown,#CBA560,38.7,69.8,41.1,82.3
tealish green,#0CDC73,149.7,77.6,77.9,149.8
burnt siena,#B75203,26.3,47.1,67.4,56.2
dusk blue,#26538D,213.8,35.0,37.1,278.2
pale light green,#B1FC99,105.5,92.2,57.3,135.4
rosy pink,#F6688E,343.9,62.9,58.2,7.0
light bluish green,#76FDA8,142.2,90.3,62.9,151.8
light bright green,#53FE5C,123.2,88.7,96.8,139.5
tiffany blue,#7BF2DA,167.9,88.3,39.3,178.2
browny orange,#CA6B02,31.5,55.1,70.5,62.7
nice blue,#107AB0,200.2,48.5,37.1,258.1
orangey yellow,#FDB915,42.4,79.4,80.4,80.8
straw,#FCF679,57.3,95.2,61.6,103.1
very dark brown,#1D0200,4.1,2.8,10.7,23.7
terracota,#CB6843,16.3,55.1,52.8,46.5
clear blue,#247AFD,216.2,53.4,75.6,287.8
foam green,#90FDA9,133.8,91.3,57.6,147.8
light gold,#FDDC5C,47.7,88.4,65.2,92.3
seafoam blue,#78D1B6,161.8,77.9,33.4,171.3
violet pink,#FB5FFC,299.6,66.3,92.1,327.3
wintergreen,#20F986,148.2,86.9,83.8,150.1
yellow tan,#FFE36E,48.4,90.5,59.8,94.0
dark fuchsia,#9D0759,327.2,34.1,59.2,355.7
indigo blue,#3A18B1,253.3,25.9,91.8,307.1
light yellowish green,#C2FF89,91.0,93.8,63.1,127.5
pale magenta,#D767AD,322.5,59.1,54.8,342.1
rich purple,#720058,313.7,24.6,53.9,339.3
sunflower yellow,#FFDA03,51.2,87.7,87.5,92.2
green/blue,#01C08D,164.0,69.2,54.6,164.6
leather,#AC7434,32.0,53.5,46.0,69.7
racing green,#014600,119.1,24.9,46.9,136.1
vivid purple,#9900FA,276.7,43.8,120.2,314.5
muted pink,#D1768F,343.5,60.3,38.5,3.3
canary,#FDFF63,60.8,97.3,74.4,105.1
darkish purple,#751973,301.3,28.7,57.9,328.6
true green,#089404,118.3,53.2,79.0,136.0
dark slate blue,#214761,204.4,28.6,19.9,256.8
flat blue,#3C73A8,209.4,47.0,33.8,268.1
rich blue,#021BF9,233.9,33.2,125.9,305.1
greenblue,#23C48B,158.8,70.7,55.7,161.5
icky green,#8FAE22,73.3,66.7,68.4,114.9
light khaki,#E6F2A2,69.0,93.0,40.7,113.6
warm blue,#4B57DB,235.0,43.4,78.2,298.1
deep sea blue,#015482,201.4,33.9,32.0,263.9
carmine,#9D0216,352.3,32.4,66.6,33.1
dark yellow green,#728F02,72.3,55.3,64.3,114.7
plum purple,#4E0550,298.4,17.0,48.1,327.2
golden rod,#F9BC08,44.8,79.7,81.6,83.3
old pink,#C77986,350.0,59.5,32.6,10.6
blood orange,#FE4B03,17.2,58.1,94.8,46.3
sand yellow,#FCE166,49.2,89.6,62.4,94.5
clay brown,#B2713D,26.7,53.6,44.1,61.9
dark blue grey,#1F3B4D,203.5,23.5,14.9,252.4
light green blue,#56FCA2,147.5,89.0,69.7,153.7
warm pink,#FB5581,344.1,60.4,66.9,9.7
dodger blue,#3E82FC,218.5,56.1,69.9,286.7
gross green,#A0BF16,71.0,72.8,76.7,113.2
sap green,#5C8B15,83.9,52.7,61.9,122.8
highlighter green,#1BFC06,114.9,86.9,117.7,135.7
raw umber,#A75E09,32.3,47.3,58.9,65.4
vivid blue,#152EFF,233.6,36.6,121.1,303.8
light greenish blue,#63F7B4,152.8,88.2,58.5,159.3
mud green,#606602,63.6,41.2,49.0,106.4
pinky,#FC86AA,341.7,69.9,48.6,1.8
darkblue,#030764,237.5,9.7,63.2,304.8
rosa,#FE86A4,345.0,70.0,48.8,5.9
lipstick,#D5174E,342.6,46.1,72.7,16.9
claret,#680018,346.2,20.1,46.1,23.7
dandelion,#FEDF08,52.4,88.9,88.0,94.1
orangered,#FE420F,12.8,57.1,94.8,43.7
ruby,#CA0147,339.1,42.8,72.1,16.8
greenish turquoise,#00FBB0,162.1,88.0,70.2,161.5
pastel red,#DB5856,0.9,54.8,58.3,28.5
piss yellow,#DDD618,57.9,83.7,82.4,100.9
bright cyan,#41FDFE,180.3,91.0,46.2,197.3
algae green,#21C36F,148.9,69.8,66.2,151.8
darkish red,#A90308,358.2,35.0,74.5,38.1
reddy brown,#6E1005,6.3,22.6,50.6,38.9
blush pink,#FE828C,355.2,68.7,50.8,19.1
camouflage green,#4B6113,76.9,38.0,43.8,117.6
lawn green,#4DA409,93.7,60.0,77.9,129.3
vibrant blue,#0339F8,226.8,37.3,112.6,301.9
purple/blue,#5D21D0,260.6,33.9,100.7,309.0
saffron,#FEB209,41.4,77.8,81.6,78.1
warm brown,#964E02,30.8,41.1,56.3,62.6
bubble gum pink,#FF69AF,332.0,65.3,64.2,352.8
greenish cyan,#2AFEB7,159.9,89.3,67.5,162.3
butter,#FFFF81,60.0,97.8,61.8,105.4
dusty orange,#F0833A,24.1,65.8,66.8,56.8
off yellow,#F1F33F,60.7,93.1,82.7,104.2
pale olive green,#B1D27B,82.8,80.1,46.9,122.6
orangish,#FC824A,18.9,67.4,66.0,49.9
leaf,#71AA34,89.0,63.8,64.6,125.7
dried blood,#4B0101,0.0,12.7,38.1,30.9
lightish purple,#A552E6,273.6,51.5,85.8,314.0
rusty red,#AF2F0D,12.6,39.9,69.5,43.6
lavender blue,#8B88F8,241.6,61.5,62.8,297.3
light grass green,#9AF764,98.0,89.1,80.1,130.8
sunflower,#FFC512,45.3,82.5,82.5,84.8
brick orange,#C14A09,21.2,47.3,71.6,50.8
lightish red,#FE2F4A,352.2,55.7,84.0,26.3
pure blue,#0203E2,239.7,28.3,121.5,306.2
twilight blue,#0A437A,209.5,28.1,36.5,278.1
violet red,#A50055,329.1,35.3,61.4,0.2
yellowy brown,#AE8B0C,47.0,59.4,62.3,87.6
carnation,#FD798F,350.0,66.9,53.7,13.4
muddy yellow,#BFAC05,53.9,69.9,72.1,96.0
dark seafoam green,#3EAF76,149.7,64.2,49.5,156.0
deep rose,#C74767,345.0,49.0,54.2,10.0
dusty red,#B9484E,356.8,46.3,50.5,23.9
lemon lime,#BFFE28,77.7,92.6,96.0,118.5
purple/pink,#D725DE,297.7,53.0,99.3,326.8
brown yellow,#B29705,50.6,63.0,66.2,91.9
banana yellow,#FAFE4B,61.3,96.7,82.8,105.0
lipstick red,#C0022F,345.8,40.3,72.9,26.2
water blue,#0E87CC,201.8,53.8,44.2,263.9
vibrant purple,#AD03DE,286.6,44.6,106.1,319.9
baby green,#8CFF9E,129.4,91.5,63.8,145.2
sandy yellow,#FDEE73,53.5,93.1,61.2,99.4
cool green,#33B864,142.1,66.4,63.1,148.9
purpley,#8756E4,260.7,48.8,82.7,307.9
light mustard,#F7D560,46.5,86.1,60.8,91.2
turtle green,#75B84F,98.3,68.5,60.9,131.1
bright olive,#9CBB04,70.2,71.3,77.8,112.9
greeny brown,#696006,54.5,40.2,46.0,97.4
lemon green,#ADF802,78.3,89.9,100.2,120.3
seaweed green,#35AD6B,147.0,63.1,54.1,153.0
sunshine yellow,#FFFD37,59.4,96.7,88.3,102.9
medium pink,#F36196,338.2,61.5,60.7,0.4
viridian,#1E9167,158.1,53.5,43.4,161.7
bile,#B5C306,64.4,75.4,78.9,107.4
faded yellow,#FEFF7F,60.5,97.7,62.7,105.7
vibrant green,#0ADD08,119.4,77.2,106.7,136.1
bright lime,#87FD05,88.5,89.6,107.2,127.3
light sage,#BCECAC,105.0,88.8,37.6,136.0
yellowgreen,#BBF90F,75.9,90.9,97.9,117.8
dark seafoam,#1FB57A,156.4,65.5,54.8,158.9
deep teal,#00555A,183.3,32.3,21.9,205.0
rust orange,#C45508,24.6,49.8,70.8,54.4
bright lilac,#C95EFB,280.9,59.3,90.0,317.6
weird green,#3AE57F,144.2,81.0,74.8,149.7
avocado green,#87A922,75.1,64.7,67.0,116.3
faded orange,#F0944D,26.1,69.6,58.6,60.7
grape purple,#5D1451,309.9,21.7,43.9,334.0
lime yellow,#D0FE1D,72.3,93.6,96.1,114.3
mango,#FFA62F,34.3,75.3,73.8,70.9
shamrock,#01B44C,145.1,64.3,73.8,145.6
bubblegum,#FF6CB5,330.2,66.0,63.9,350.6
key lime,#AEFF6E,93.5,92.4,77.2,128.5
tomato red,#EC2D01,11.2,51.5,94.3,42.7
lightgreen,#76FF7B,122.2,90.2,81.4,140.8
night blue,#040348,240.9,5.0,48.9,304.0
purpleish pink,#DF4EC8,309.5,57.4,77.6,333.3
yellow/green,#C8FD3D,76.6,93.0,89.7,117.4
cool blue,#4984B8,208.1,53.4,33.3,264.3
leafy green,#51B73B,109.4,66.5,74.0,135.3
mustard brown,#AC7E04,43.6,55.8,61.4,81.8
frog green,#58BC08,93.3,68.1,86.8,129.4
vivid green,#2FEF10,111.7,83.1,111.1,135.3
bright light green,#2DFE54,131.2,88.0,102.8,140.7
fluro green,#0AFF02,118.1,87.8,119.5,135.9
kiwi,#9CEF43,89.0,86.6,87.2,125.7
seaweed,#18D17B,152.1,74.3,69.0,153.3
navy green,#35530A,84.7,31.7,42.5,123.2
ultramarine blue,#1805DB,245.3,27.9,117.7,306.4
pastel orange,#FF964F,24.2,72.0,63.0,57.6
yellowish orange,#FFAB0F,39.0,76.3,80.9,75.0
perrywinkle,#8F8CE7,242.0,62.0,51.1,296.4
tealish,#24BCA8,172.1,68.9,42.2,180.9
dark plum,#3F012C,318.4,11.0,34.2,342.6
pinkish orange,#FF724C,12.7,64.8,69.5,42.3
midnight purple,#280137,283.3,6.8,38.8,319.2
light urple,#B36FF6,270.2,59.5,77.7,312.0
dark mint,#48C072,141.0,69.7,58.8,149.7
greenish tan,#BCCB7A,71.1,78.9,42.5,114.6
light burgundy,#A8415B,344.9,42.6,45.2,8.8
turquoise blue,#06B1C4,186.0,66.1,36.5,213.8
sandy,#F1DA7A,48.4,87.1,50.0,94.9
mid green,#50A747,114.4,61.5,61.3,137.8
banana,#FFFF7E,60.0,97.7,63.1,105.3
carnation pink,#FF7FA7,341.2,68.9,52.7,1.9
tomato,#EF4026,7.8,54.2,84.5,39.6
sea,#3C9992,175.5,57.9,29.3,188.9
muddy brown,#886806,45.2,45.8,51.5,85.0
turquoise green,#04F489,153.2,85.3,81.2,152.0
fawn,#CFAF7B,37.1,73.1,31.3,81.7
muted blue,#3B719F,207.6,46.0,30.4,263.9
dark mint green,#20C073,151.1,68.9,63.1,153.7
amethyst,#9B5FC0,277.1,50.6,59.0,315.3
blue/green,#0F9B8E,174.4,57.6,36.6,184.4
chestnut,#742802,20.0,27.4,49.5,50.0
sick green,#9DB92C,71.9,70.9,69.1,113.7
rusty orange,#CD5909,24.5,52.0,73.2,54.3
rose red,#BE013C,341.3,40.1,69.7,19.9
deep orange,#DC4D01,20.8,52.4,82.5,49.5
earth,#A2653E,23.4,48.7,38.2,57.2
mossy green,#638B27,84.0,53.2,55.3,122.6
grassy green,#419C03,95.7,57.0,77.0,130.5
pale lime green,#B1FF65,90.4,92.5,80.2,126.6
purple red,#990147,332.4,32.4,57.6,4.8
pale lime,#BEFD73,87.4,92.8,71.8,125.0
greenish teal,#32BF84,154.9,69.2,54.3,159.1
caramel,#AF6F09,36.9,52.4,60.6,72.1
deep magenta,#A0025C,325.8,34.6,60.9,354.8
milk chocolate,#7F4E1E,29.7,37.9,39.3,65.5
ocher,#BF9B0C,47.9,65.4,67.5,88.7
purply pink,#F075E6,304.9,67.2,71.6,329.6
lightblue,#7BC8F6,202.4,77.4,32.1,249.0
golden,#F5BF03,46.6,80.0,81.8,85.7
butter yellow,#FFFD74,59.1,97.1,66.7,104.3
french blue,#436BAD,217.4,45.3,40.1,279.8
greeny yellow,#C6F808,72.5,91.3,96.9,115.1
orangish red,#F43605,12.3,53.9,94.9,43.2
shamrock green,#02C14D,143.6,68.5,79.6,144.5
orangish brown,#B25F03,31.5,49.1,63.7,63.2
tree green,#2A7E19,109.9,46.3,62.3,135.0
deep violet,#490648,300.9,15.6,44.1,328.6
blue/purple,#5A06EF,261.6,35.1,121.3,309.1
cherry,#CF0234,345.4,43.6,77.0,26.0
sandy brown,#C4A661,41.8,69.4,39.6,86.9
dark indigo,#1F0954,257.6,10.0,51.5,308.0
midnight,#03012D,242.7,2.1,28.5,295.8
bluey green,#2BB179,154.9,64.4,52.0,158.8
blood,#770001,359.5,23.4,57.4,37.4
brown red,#922B05,16.2,33.7,60.7,46.4
purpley pink,#C83CB9,306.4,50.7,77.5,331.5
light salmon,#FEA993,12.3,77.0,37.6,40.0
light yellow green,#CCFD7F,83.3,93.7,65.0,122.6
dark navy blue,#00022E,237.4,2.2,28.8,294.0
rouge,#AB1239,344.7,36.7,62.1,19.3
purplish red,#B0054B,335.4,37.6,63.5,9.3
slime green,#99CC04,75.3,76.0,84.8,117.6
pink/purple,#EF1DE7,302.3,57.1,104.2,329.6
dark navy,#000435,235.5,3.1,33.4,296.1
greeny blue,#42B395,164.1,66.2,39.6,171.3
rust red,#AA2704,12.7,37.9,71.1,43.8
orangey red,#FA4224,8.4,56.4,88.8,40.3
primary blue,#0804F9,241.0,31.8,130.6,306.2
kermit green,#5CB200,89.0,65.1,82.8,127.4
murky green,#6C7A0E,67.8,48.4,53.8,110.3
wheat,#FBDD7E,45.6,88.8,50.1,91.6
very dark purple,#2A0134,288.2,6.9,37.1,321.7
bottle green,#044A05,120.9,26.5,46.8,136.9
deep sky blue,#0D75F8,213.4,51.4,76.1,287.8
fire engine red,#FE0002,359.5,53.0,104.0,39.8
yellow ochre,#CB9D06,46.0,67.1,70.4,85.3
pumpkin orange,#FB7D07,29.0,65.9,83.8,59.3
pale olive,#B9CC81,75.2,79.1,39.9,117.7
lightish green,#61E160,119.5,80.3,79.5,139.4
carolina blue,#8AB8FE,216.2,74.1,39.5,274.2
shocking pink,#FE02A2,321.9,55.8,88.3,350.3
auburn,#9A3001,18.4,36.0,63.9,48.2
bright lime green,#65FE08,97.3,88.8,112.1,131.5
bright sky blue,#02CCFE,191.9,76.3,43.8,235.8
celery,#C1FD95,94.6,93.3,56.9,129.8
dark lime,#84B701,76.8,68.6,79.0,118.9
copper,#B66325,25.7,50.7,55.8,58.7
medium brown,#7F5112,34.7,38.6,44.0,71.4
robin's egg,#6DEDFD,186.7,87.4,36.0,210.8
bright lavender,#C760FF,278.9,59.6,90.8,316.6
light navy,#155084,208.1,33.1,34.4,272.5
pink red,#F5054F,341.5,51.9,84.4,20.3
olive brown,#645403,50.1,36.1,43.1,91.9
mustard green,#A8B504,64.4,70.4,74.8,107.3
ocean green,#3D9973,155.2,57.1,38.5,161.9
very dark blue,#000133,238.8,2.4,33.2,296.4
light navy blue,#2E5A88,210.7,37.2,30.1,270.6
minty green,#0BF77D,149.0,86.0,86.9,148.9
bright light blue,#26F7FD,181.7,88.9,46.9,200.4
light lime,#AEFD6C,92.7,91.8,77.0,128.0
orange yellow,#FFAD01,40.6,76.8,82.5,76.1
ocre,#C69C04,47.0,66.4,69.7,86.7
maize,#F4D054,46.5,84.5,64.1,90.6
faded pink,#DE9DAC,346.2,71.3,26.4,4.2
british racing green,#05480D,127.2,25.9,43.1,139.2
sandstone,#C9AE74,40.9,72.2,33.4,86.9
mud brown,#60460F,40.7,31.6,35.5,81.1
light sea green,#98F6B0,135.3,89.7,49.2,149.3
robin egg blue,#8AF1FE,186.7,89.6,31.0,210.3
dark sea green,#11875D,158.6,49.8,43.2,160.9
orangey brown,#B16002,32.2,49.2,63.4,64.1
cherry red,#F7022A,350.2,51.8,93.4,32.7
burnt yellow,#D5AB09,47.6,71.8,73.6,87.9
camel,#C69F59,38.5,67.7,42.0,81.7
marine,#042E60,212.6,19.3,34.5,283.7
pastel yellow,#FFFE71,59.6,97.4,68.3,104.6
bluey purple,#6241C7,254.8,38.7,80.3,305.9
canary yellow,#FFFE40,59.7,97.0,86.2,103.3
faded red,#D3494E,357.8,50.9,60.9,26.6
sepia,#985E2B,28.1,45.4,42.6,63.5
bright magenta,#FF08E8,305.6,59.2,107.0,332.3
darkish green,#287C37,130.7,45.8,50.5,143.3
brown orange,#B96902,33.8,52.3,65.1,66.3
sickly green,#94B21C,72.0,68.2,71.2,113.9
purply blue,#661AEE,261.5,37.4,116.0,309.4
purpleish blue,#6140EF,251.3,41.9,101.6,305.5
hospital green,#9BE5AA,132.2,84.9,41.0,148.1
mid blue,#276AB3,211.3,44.2,45.0,276.7
amber,#FEB308,41.7,78.1,81.8,78.5
soft blue,#6488EA,223.9,58.3,55.8,286.8
cerulean blue,#056EEE,213.0,48.7,75.1,288.4
golden brown,#B27A01,41.0,55.5,63.0,77.4
bright turquoise,#0FFEF9,178.7,90.7,50.4,193.4
red pink,#FA2A55,347.6,54.7,81.3,21.2
red purple,#820747,328.8,27.7,50.9,357.1
vermillion,#F4320C,9.8,53.5,94.5,42.0
russet,#A13905,20.0,38.7,63.6,49.6
lighter purple,#A55AF4,269.2,53.9,88.4,311.9
bright violet,#AD0AFD,280.2,47.2,118.6,316.5
prussian blue,#004577,205.2,28.3,33.8,272.9
dark blue green,#005249,173.4,30.7,24.2,182.2
yellowy green,#BFF128,74.9,89.0,90.6,116.3
dark gold,#B59410,48.0,62.5,64.2,89.2
bluish,#2976BB,208.4,48.3,42.9,271.4
darkish blue,#014182,210.2,27.8,42.5,282.7
dull red,#BB3F3F,0.0,44.9,57.0,29.1
pinky red,#FC2647,350.7,54.6,85.2,26.2
bronze,#A87900,43.2,54.0,60.9,80.9
pale teal,#82CBB2,159.5,76.5,28.8,169.4
barbie pink,#FE46A5,329.0,60.0,76.2,352.3
bubblegum pink,#FE83CC,324.4,70.6,57.6,343.5
dark mustard,#A88905,48.6,58.3,62.2,89.2
medium purple,#9E43A2,297.5,44.1,61.4,326.1
very dark green,#062E03,115.8,15.5,31.5,138.8
dusky pink,#CC7A8B,347.6,60.4,34.3,7.7
red violet,#9E0168,320.6,34.6,62.9,347.8
lemon yellow,#FDFF38,60.6,97.1,88.7,104.0
pistachio,#C0FA8B,91.4,92.3,59.8,127.8
dull yellow,#EEDC5B,52.7,87.1,64.4,97.9
dark lime green,#7EBD01,80.1,70.1,82.4,121.5
denim blue,#3B5B92,217.9,38.7,34.4,279.9
teal blue,#01889F,188.7,52.0,30.6,223.2
lightish blue,#3D7AFD,220.9,54.0,75.2,289.6
purpley blue,#5F34E7,254.4,39.0,103.7,306.8
light indigo,#6D5ACF,249.7,45.7,69.2,302.6
swamp green,#748500,67.7,52.4,60.4,110.4
brown green,#706C11,57.5,44.5,47.4,101.0
dark maroon,#3C0008,352.0,8.8,30.8,20.2
dark forest green,#002D04,125.3,14.9,31.7,142.0
light lime green,#B9FF66,87.5,92.9,78.7,124.9
yellowish,#FAEE66,55.1,92.8,66.7,100.5
light blue green,#7EFBB3,145.4,90.2,56.1,154.7
ocean,#017B92,189.5,47.3,28.7,225.7
marigold,#FCC006,45.4,81.0,82.7,84.0
dull orange,#D8863B,28.7,63.3,57.7,64.0
fluorescent green,#08FF08,120.0,87.8,119.1,136.1
yellowish brown,#9B7A01,47.1,52.8,58.5,87.0
blush,#F29E8E,9.6,73.1,36.4,35.9
soft green,#6FC276,125.1,71.7,51.2,143.4
bright orange,#FF5B00,21.4,60.6,92.3,49.7
lemon,#FDFF52,60.7,97.2,80.8,104.6
acid green,#8FFE09,87.2,90.2,106.3,126.3
violet blue,#510AC9,262.3,29.9,104.8,309.5
burnt red,#9F2305,11.7,35.2,67.5,43.2
khaki green,#728639,75.6,52.9,43.1,117.0
cerise,#DE0C62,335.4,47.8,75.2,8.8
apricot,#FFB16D,27.9,78.3,50.7,64.8
dark olive green,#3C4D03,73.8,30.1,40.7,115.3
true blue,#010FCC,235.9,25.9,109.8,305.5
periwinkle blue,#8F99FB,234.4,66.2,54.2,292.5
blurple,#5539CC,251.4,36.4,88.0,305.3
green brown,#544E03,55.6,32.6,40.1,98.6
bluegreen,#017A79,179.5,46.0,29.2,195.2
bright teal,#01F9C6,167.7,87.9,61.7,170.0
brownish yellow,#C9B003,52.4,71.9,74.0,94.1
forest,#0B5509,118.4,30.8,50.3,136.7
ultramarine,#2000B1,250.8,21.9,100.4,307.1
dark periwinkle,#665FD1,243.7,46.5,67.2,299.8
reddish,#C44240,0.9,47.0,59.7,30.2
terra cotta,#C9643B,17.3,53.9,55.4,47.9
avocado,#90B134,75.8,67.7,64.0,116.8
marine blue,#01386A,208.6,23.3,34.1,278.6
teal green,#25A36F,155.2,59.6,49.2,158.9
lighter green,#75FD63,113.0,89.4,89.3,136.9
golden yellow,#FEC615,45.6,82.7,82.1,85.4
bright yellow,#FFFD01,59.5,96.6,96.3,102.4
umber,#B26400,33.7,50.2,63.7,66.0
jungle green,#048243,150.0,47.5,52.2,150.5
denim,#3B638C,210.4,40.8,26.9,267.4
yellow brown,#B79400,48.5,62.7,66.9,88.6
chocolate brown,#411900,23.1,14.5,28.2,51.0
dark sky blue,#448EE4,212.2,58.2,50.6,275.7
evergreen,#05472A,153.6,25.9,29.9,156.1
dull pink,#D5869D,342.5,64.7,33.3,1.0
aubergine,#3D0734,310.0,11.9,34.1,334.4
mahogany,#4A0100,0.8,12.5,37.8,31.1
reddish orange,#F8481C,12.0,56.8,88.9,43.1
deep green,#02590F,129.0,32.2,51.4,139.0
purple pink,#E03FD8,303.0,56.4,89.6,329.5
dusty pink,#D58A94,352.0,65.3,30.6,12.5
camo green,#526525,77.8,40.0,37.6,118.5
pinky purple,#C94CBE,305.3,53.3,72.5,330.4
pink purple,#DB4BDA,300.4,57.2,85.4,327.9
brownish red,#9E3623,9.3,37.9,54.6,39.4
dark rose,#B5485D,348.4,46.0,47.3,13.2
mud,#735C12,45.8,40.2,42.5,87.7
emerald green,#028F1E,131.9,51.6,72.2,139.1
burnt umber,#A0450E,22.6,40.8,58.7,53.2
medium green,#39AD48,127.8,62.7,67.7,141.7
clay,#B66A50,15.3,52.8,39.1,44.9
light olive green,#A4BE5C,75.9,73.2,51.9,117.5
brownish orange,#CB7723,30.0,58.0,62.4,64.4
purplish pink,#CE5DAE,317.0,56.1,58.7,337.9
dark salmon,#C85A53,3.6,52.1,50.3,30.5
emerald,#01A049,147.2,57.7,65.2,147.3
pale red,#D9544D,3.0,53.6,60.6,31.3
light magenta,#FA5FF7,301.2,65.9,90.1,328.1
sky,#82CAFC,204.6,78.5,32.9,253.5
yellow orange,#FCB001,41.8,77.1,81.9,78.1
reddish purple,#910951,328.2,31.4,55.3,356.4
reddish pink,#FE2C54,348.6,55.6,82.5,22.3
orchid,#C875C4,302.9,60.8,52.1,328.0
orange red,#FD411E,9.4,56.8,91.6,41.3
deep red,#9A0200,0.8,31.6,71.1,39.7
orange brown,#BE6400,31.6,51.9,67.7,62.7
cobalt blue,#030AA7,237.4,20.1,94.6,305.5
rose pink,#F7879A,349.8,69.1,45.4,11.6
salmon pink,#FE7B7C,359.5,67.0,55.1,25.0
tangerine,#FF9408,34.0,71.2,82.4,66.5
brownish green,#6A6E09,62.4,44.6,50.2,105.3
red brown,#8B2E16,12.3,32.9,52.3,42.8
greenish brown,#696112,54.5,40.6,42.9,98.2
pumpkin,#E17701,31.6,61.0,76.7,62.4
pine green,#0A481E,139.4,26.1,35.5,146.2
blue violet,#5D06E9,263.0,34.7,118.4,309.5
chocolate,#3D1C02,26.4,14.6,25.2,56.3
scarlet,#BE0119,352.4,39.6,77.9,34.3
green yellow,#C9FF27,75.0,93.5,95.5,116.4
dark olive,#373E02,67.0,24.5,34.1,109.5
sienna,#A9561E,24.2,45.9,54.7,56.4
terracotta,#CA6641,16.2,54.5,53.4,46.4
blood red,#980002,359.2,31.1,70.1,39.0
deep pink,#CB0162,331.2,43.7,71.1,4.0
grass,#5CAC2D,97.8,63.3,71.4,130.4
bluish green,#10A674,160.0,60.5,50.5,161.5
green blue,#06B48B,165.9,65.4,49.4,168.1
dark tan,#AF884A,36.8,59.2,39.3,78.9
greenish blue,#0B8B87,178.1,52.2,32.1,192.1
pale orange,#FFA756,28.8,75.8,59.7,64.9
forrest green,#154406,105.5,24.7,41.3,133.4
dark violet,#34013F,289.4,9.9,42.5,322.2
purple blue,#632DE9,257.2,38.6,107.5,307.9
dark cyan,#0A888A,180.9,51.3,30.6,198.7
olive drab,#6F7632,66.2,47.7,38.2,109.9
pinkish,#D46A7E,348.7,57.9,44.5,11.1
cobalt,#1E488F,217.7,31.6,45.2,285.9
light turquoise,#7EF4CC,159.7,88.7,43.6,168.0
dark turquoise,#045C5A,178.6,34.8,23.8,193.3
blue purple,#5729CE,256.7,34.1,96.9,307.7
azure,#069AF3,202.5,61.3,53.7,268.5
bright red,#FF000D,356.9,53.3,102.6,38.6
pinkish red,#F10C45,345.1,51.1,84.5,23.9
light olive,#ACBF69,73.3,74.2,45.6,115.9
purplish blue,#601EF9,258.1,38.3,120.4,308.4
yellowish green,#B0DD16,73.6,82.4,87.2,115.5
greenish yellow,#CDFD02,71.5,93.1,98.6,114.4
medium blue,#2C6FBB,211.9,46.3,46.4,277.1
midnight blue,#020035,242.3,2.4,35.4,298.4
bluish purple,#703BE7,258.5,41.8,99.5,307.9
red orange,#FD3C06,13.1,56.2,96.8,43.7
dark magenta,#960056,325.6,32.2,58.3,354.6
greenish,#40A368,144.2,60.1,48.1,152.4
ocean blue,#03719C,196.9,44.6,32.5,250.9
reddish brown,#7F2B0A,16.9,30.1,51.4,47.2
burnt sienna,#B04E0F,23.5,45.2,63.1,54.1
brick,#A03623,9.1,38.3,55.4,39.3
robin's egg blue,#98EFF9,186.2,89.5,27.1,208.9
moss green,#658B38,87.5,53.5,48.1,125.0
eggplant,#380835,303.8,11.1,33.7,330.0
light yellow,#FFFE7A,59.5,97.4,64.5,104.9
leaf green,#5CA904,88.0,62.2,78.4,126.6
pinkish purple,#D648D7,299.6,55.9,85.1,327.4
sea blue,#047495,193.7,45.2,29.6,239.7
pale purple,#B790D4,274.4,65.6,40.1,313.0
hunter green,#0B4008,116.8,22.8,39.8,136.8
fuchsia,#ED0DD9,305.4,55.4,101.2,332.0
crimson,#8C000F,353.6,28.4,62.4,34.4
pale yellow,#FFFF84,60.0,97.8,60.4,105.5
ochre,#BF9005,44.8,62.5,66.8,83.6
mustard yellow,#D2BD0A,53.7,76.1,76.9,95.9
light red,#FF474C,358.4,58.3,79.2,29.7
cerulean,#0485D1,202.2,53.4,47.4,267.6
deep blue,#040273,241.1,11.3,73.1,306.1
rust,#A83C09,19.2,40.5,64.8,49.1
light teal,#90E4C1,155.0,84.6,34.4,164.7
goldenrod,#FAC205,46.3,81.2,82.7,85.3
dark yellow,#D5B60A,50.8,74.6,75.6,92.3
army green,#4B5D16,75.2,36.7,40.6,116.3
seafoam,#80F9AD,142.3,89.6,56.9,152.5
spring green,#A9F971,95.3,90.5,73.7,129.6
dark orange,#C65102,24.2,49.4,73.4,53.3
sand,#E2CA76,46.7,81.7,44.8,93.2
light orange,#FDAA48,32.5,76.1,64.7,69.9
bright pink,#FE01B1,318.3,56.4,91.4,345.6
chartreuse,#C1F80A,73.9,91.0,97.3,116.2
deep purple,#36013F,291.3,10.3,42.3,323.3
dark brown,#341C02,31.2,13.0,20.8,63.7
kelly green,#02AB2E,135.6,61.1,80.0,140.3
seafoam green,#7AF9AB,143.1,89.3,58.8,152.8
blue green,#137E6D,170.5,47.2,32.6,177.9
burgundy,#610023,338.4,18.6,41.8,11.7
dark teal,#014D4E,180.8,29.1,20.8,198.2
brick red,#8F1402,7.7,30.3,64.6,41.3
plum,#580F41,318.9,19.2,39.3,342.0
mint green,#8FFF9F,128.6,91.6,62.9,144.9
gold,#DBB40C,48.7,74.7,75.6,89.5
yellow green,#C0FB2D,77.2,91.9,93.6,118.0
bright purple,#BE03FD,284.9,49.6,117.8,318.8
dark red,#840000,0.0,26.5,62.9,38.6
grass green,#3F9B0B,98.3,56.6,75.8,131.3
navy,#01153E,220.3,8.0,30.6,291.3
burnt orange,#C04E01,24.2,47.8,71.9,53.3
bright blue,#0165FC,216.1,47.4,88.3,293.2
rose,#CF6275,349.5,55.4,46.1,12.8
mustard,#CEB301,52.1,73.1,75.3,93.5
indigo,#380282,265.3,17.9,75.9,310.6
lime,#AAFF32,84.9,91.8,97.0,123.4
sea green,#53FCA1,147.7,88.9,70.5,153.7
periwinkle,#8E82FE,245.8,60.7,69.8,299.8
dark pink,#CB416B,341.7,48.9,57.8,6.9
olive green,#677A04,69.7,48.0,56.2,112.1
navy blue,#001146,225.4,7.6,39.3,297.2
beige,#E6DAA6,48.7,86.9,27.4,97.9
salmon,#FF796C,5.3,66.5,59.1,32.3
olive,#6E750E,64.1,47.1,51.7,107.0
maroon,#650021,340.4,19.5,43.3,15.1
bright green,#01FF07,121.4,87.7,119.3,136.2
dark purple,#35063E,290.4,10.8,39.2,322.7
forest green,#06470C,125.5,25.5,42.8,138.8
cyan,#00FFFF,180.0,91.1,50.1,196.4
tan,#D1B26F,41.0,73.9,38.3,86.3
dark blue,#00035B,238.0,7.4,61.0,305.4
lavender,#C79FEF,270.0,71.7,45.7,310.7
turquoise,#06C2AC,173.0,70.6,45.3,180.5
dark green,#033500,116.6,18.2,37.4,137.4
violet,#9A0EEA,278.2,42.9,111.7,315.7
light purple,#BF77F6,274.0,62.4,73.4,313.8
lime green,#89FE05,88.2,90.0,107.4,127.1
sky blue,#75BBFD,209.1,73.8,39.5,264.5
yellow,#FFFF14,60.0,97.2,95.4,103.0
magenta,#C20078,322.9,42.5,71.7,351.4
light green,#96F97B,107.1,89.7,72.8,135.5
orange,#F97306,26.9,63.7,84.8,56.4
teal,#029386,174.6,54.7,35.9,184.0
light blue,#95D0FC,205.6,81.0,28.6,253.9
red,#E50000,0.0,47.8,96.4,40.0
brown,#653700,32.7,28.1,41.9,66.4
pink,#FF81C0,330.0,70.0,55.9,349.0
blue,#0343DF,222.5,36.7,94.1,298.8
green,#15B01A,121.9,62.7,86.4,137.0
purple,#7E1E9C,285.7,33.5,74.7,320.1